USE [master]
GO
/****** Object:  Database [LACIOPPA_DB]    Script Date: 8/6/2020 20:42:23 ******/
CREATE DATABASE [LACIOPPA_DB]
 CONTAINMENT = NONE
 ON  PRIMARY 
( NAME = N'LACIOPPA_DB', FILENAME = N'C:\Program Files\Microsoft SQL Server\MSSQL14.SQLEXPRESS\MSSQL\DATA\LACIOPPA_DB.mdf' , SIZE = 8192KB , MAXSIZE = UNLIMITED, FILEGROWTH = 65536KB )
 LOG ON 
( NAME = N'LACIOPPA_DB_log', FILENAME = N'C:\Program Files\Microsoft SQL Server\MSSQL14.SQLEXPRESS\MSSQL\DATA\LACIOPPA_DB_log.ldf' , SIZE = 8192KB , MAXSIZE = 2048GB , FILEGROWTH = 65536KB )
GO
ALTER DATABASE [LACIOPPA_DB] SET COMPATIBILITY_LEVEL = 140
GO
IF (1 = FULLTEXTSERVICEPROPERTY('IsFullTextInstalled'))
begin
EXEC [LACIOPPA_DB].[dbo].[sp_fulltext_database] @action = 'enable'
end
GO
ALTER DATABASE [LACIOPPA_DB] SET ANSI_NULL_DEFAULT OFF 
GO
ALTER DATABASE [LACIOPPA_DB] SET ANSI_NULLS OFF 
GO
ALTER DATABASE [LACIOPPA_DB] SET ANSI_PADDING OFF 
GO
ALTER DATABASE [LACIOPPA_DB] SET ANSI_WARNINGS OFF 
GO
ALTER DATABASE [LACIOPPA_DB] SET ARITHABORT OFF 
GO
ALTER DATABASE [LACIOPPA_DB] SET AUTO_CLOSE ON 
GO
ALTER DATABASE [LACIOPPA_DB] SET AUTO_SHRINK OFF 
GO
ALTER DATABASE [LACIOPPA_DB] SET AUTO_UPDATE_STATISTICS ON 
GO
ALTER DATABASE [LACIOPPA_DB] SET CURSOR_CLOSE_ON_COMMIT OFF 
GO
ALTER DATABASE [LACIOPPA_DB] SET CURSOR_DEFAULT  GLOBAL 
GO
ALTER DATABASE [LACIOPPA_DB] SET CONCAT_NULL_YIELDS_NULL OFF 
GO
ALTER DATABASE [LACIOPPA_DB] SET NUMERIC_ROUNDABORT OFF 
GO
ALTER DATABASE [LACIOPPA_DB] SET QUOTED_IDENTIFIER OFF 
GO
ALTER DATABASE [LACIOPPA_DB] SET RECURSIVE_TRIGGERS OFF 
GO
ALTER DATABASE [LACIOPPA_DB] SET  ENABLE_BROKER 
GO
ALTER DATABASE [LACIOPPA_DB] SET AUTO_UPDATE_STATISTICS_ASYNC OFF 
GO
ALTER DATABASE [LACIOPPA_DB] SET DATE_CORRELATION_OPTIMIZATION OFF 
GO
ALTER DATABASE [LACIOPPA_DB] SET TRUSTWORTHY OFF 
GO
ALTER DATABASE [LACIOPPA_DB] SET ALLOW_SNAPSHOT_ISOLATION OFF 
GO
ALTER DATABASE [LACIOPPA_DB] SET PARAMETERIZATION SIMPLE 
GO
ALTER DATABASE [LACIOPPA_DB] SET READ_COMMITTED_SNAPSHOT OFF 
GO
ALTER DATABASE [LACIOPPA_DB] SET HONOR_BROKER_PRIORITY OFF 
GO
ALTER DATABASE [LACIOPPA_DB] SET RECOVERY SIMPLE 
GO
ALTER DATABASE [LACIOPPA_DB] SET  MULTI_USER 
GO
ALTER DATABASE [LACIOPPA_DB] SET PAGE_VERIFY CHECKSUM  
GO
ALTER DATABASE [LACIOPPA_DB] SET DB_CHAINING OFF 
GO
ALTER DATABASE [LACIOPPA_DB] SET FILESTREAM( NON_TRANSACTED_ACCESS = OFF ) 
GO
ALTER DATABASE [LACIOPPA_DB] SET TARGET_RECOVERY_TIME = 60 SECONDS 
GO
ALTER DATABASE [LACIOPPA_DB] SET DELAYED_DURABILITY = DISABLED 
GO
ALTER DATABASE [LACIOPPA_DB] SET QUERY_STORE = OFF
GO
USE [LACIOPPA_DB]
GO
/****** Object:  Table [dbo].[CATEGORIAS_REPUESTOS]    Script Date: 8/6/2020 20:42:23 ******/
SET ANSI_NULLS ON
GO
SET QUOTED_IDENTIFIER ON
GO
CREATE TABLE [dbo].[CATEGORIAS_REPUESTOS](
	[ID] [int] IDENTITY(1,1) NOT NULL,
	[NOMBRE] [nvarchar](45) NULL,
	[ESTADO] [bit] NOT NULL,
PRIMARY KEY CLUSTERED 
(
	[ID] ASC
)WITH (PAD_INDEX = OFF, STATISTICS_NORECOMPUTE = OFF, IGNORE_DUP_KEY = OFF, ALLOW_ROW_LOCKS = ON, ALLOW_PAGE_LOCKS = ON) ON [PRIMARY]
) ON [PRIMARY]
GO
/****** Object:  Table [dbo].[CLIENTES]    Script Date: 8/6/2020 20:42:23 ******/
SET ANSI_NULLS ON
GO
SET QUOTED_IDENTIFIER ON
GO
CREATE TABLE [dbo].[CLIENTES](
	[ID] [int] IDENTITY(1,1) NOT NULL,
	[NOMBRE] [varchar](30) NOT NULL,
	[APELLIDO] [varchar](30) NOT NULL,
	[DNI] [varchar](10) NOT NULL,
	[DIRECCION] [varchar](15) NULL,
	[LOCALIDAD] [varchar](15) NULL,
	[TELEFONO] [varchar](10) NULL,
	[MAIL] [varchar](50) NULL,
	[ESTADO] [bit] NOT NULL,
PRIMARY KEY CLUSTERED 
(
	[ID] ASC
)WITH (PAD_INDEX = OFF, STATISTICS_NORECOMPUTE = OFF, IGNORE_DUP_KEY = OFF, ALLOW_ROW_LOCKS = ON, ALLOW_PAGE_LOCKS = ON) ON [PRIMARY]
) ON [PRIMARY]
GO
/****** Object:  Table [dbo].[EQUIPOS]    Script Date: 8/6/2020 20:42:23 ******/
SET ANSI_NULLS ON
GO
SET QUOTED_IDENTIFIER ON
GO
CREATE TABLE [dbo].[EQUIPOS](
	[ID] [int] IDENTITY(1,1) NOT NULL,
	[NUMEROSERIE] [nvarchar](50) NOT NULL,
	[MARCA] [varchar](20) NOT NULL,
	[MODELO] [varchar](20) NULL,
PRIMARY KEY CLUSTERED 
(
	[ID] ASC
)WITH (PAD_INDEX = OFF, STATISTICS_NORECOMPUTE = OFF, IGNORE_DUP_KEY = OFF, ALLOW_ROW_LOCKS = ON, ALLOW_PAGE_LOCKS = ON) ON [PRIMARY]
) ON [PRIMARY]
GO
/****** Object:  Table [dbo].[ESTADOS_REPARACION]    Script Date: 8/6/2020 20:42:23 ******/
SET ANSI_NULLS ON
GO
SET QUOTED_IDENTIFIER ON
GO
CREATE TABLE [dbo].[ESTADOS_REPARACION](
	[ID] [int] IDENTITY(1,1) NOT NULL,
	[NOMBRE] [varchar](15) NOT NULL,
PRIMARY KEY CLUSTERED 
(
	[ID] ASC
)WITH (PAD_INDEX = OFF, STATISTICS_NORECOMPUTE = OFF, IGNORE_DUP_KEY = OFF, ALLOW_ROW_LOCKS = ON, ALLOW_PAGE_LOCKS = ON) ON [PRIMARY]
) ON [PRIMARY]
GO
/****** Object:  Table [dbo].[PERFILES_TECNICOS]    Script Date: 8/6/2020 20:42:23 ******/
SET ANSI_NULLS ON
GO
SET QUOTED_IDENTIFIER ON
GO
CREATE TABLE [dbo].[PERFILES_TECNICOS](
	[ID] [int] IDENTITY(1,1) NOT NULL,
	[NOMBRE] [varchar](15) NOT NULL,
	[ESTADO] [bit] NOT NULL,
PRIMARY KEY CLUSTERED 
(
	[ID] ASC
)WITH (PAD_INDEX = OFF, STATISTICS_NORECOMPUTE = OFF, IGNORE_DUP_KEY = OFF, ALLOW_ROW_LOCKS = ON, ALLOW_PAGE_LOCKS = ON) ON [PRIMARY]
) ON [PRIMARY]
GO
/****** Object:  Table [dbo].[REPARACIONES]    Script Date: 8/6/2020 20:42:23 ******/
SET ANSI_NULLS ON
GO
SET QUOTED_IDENTIFIER ON
GO
CREATE TABLE [dbo].[REPARACIONES](
	[ID] [int] IDENTITY(1,1) NOT NULL,
	[ORDEN] [bigint] NOT NULL,
	[IDCLIENTE] [int] NOT NULL,
	[IDEQUIPO] [int] NOT NULL,
	[IDTECNICO] [int] NOT NULL,
	[IDESTADO] [int] NOT NULL,
	[PROBLEMA] [nvarchar](max) NULL,
	[FECHA_ENTRADA] [smalldatetime] NOT NULL,
	[INFORME] [nvarchar](max) NULL,
	[PRECIO] [money] NULL,
	[FECHA_SALIDA] [smalldatetime] NULL,
PRIMARY KEY CLUSTERED 
(
	[ID] ASC
)WITH (PAD_INDEX = OFF, STATISTICS_NORECOMPUTE = OFF, IGNORE_DUP_KEY = OFF, ALLOW_ROW_LOCKS = ON, ALLOW_PAGE_LOCKS = ON) ON [PRIMARY]
) ON [PRIMARY] TEXTIMAGE_ON [PRIMARY]
GO
/****** Object:  Table [dbo].[REPUESTOS]    Script Date: 8/6/2020 20:42:23 ******/
SET ANSI_NULLS ON
GO
SET QUOTED_IDENTIFIER ON
GO
CREATE TABLE [dbo].[REPUESTOS](
	[ID] [int] IDENTITY(1,1) NOT NULL,
	[CODIGO] [nvarchar](50) NOT NULL,
	[NOMBRE] [nvarchar](30) NOT NULL,
	[PRECIO] [money] NOT NULL,
	[IDCATEGORIA] [int] NOT NULL,
	[ESTADO] [bit] NOT NULL,
PRIMARY KEY CLUSTERED 
(
	[ID] ASC
)WITH (PAD_INDEX = OFF, STATISTICS_NORECOMPUTE = OFF, IGNORE_DUP_KEY = OFF, ALLOW_ROW_LOCKS = ON, ALLOW_PAGE_LOCKS = ON) ON [PRIMARY]
) ON [PRIMARY]
GO
/****** Object:  Table [dbo].[REPUESTOS_POR_REPARACIONES]    Script Date: 8/6/2020 20:42:23 ******/
SET ANSI_NULLS ON
GO
SET QUOTED_IDENTIFIER ON
GO
CREATE TABLE [dbo].[REPUESTOS_POR_REPARACIONES](
	[ID] [int] IDENTITY(1,1) NOT NULL,
	[IDREPARACIONES] [int] NOT NULL,
	[IDREPUESTO] [int] NOT NULL,
PRIMARY KEY CLUSTERED 
(
	[ID] ASC
)WITH (PAD_INDEX = OFF, STATISTICS_NORECOMPUTE = OFF, IGNORE_DUP_KEY = OFF, ALLOW_ROW_LOCKS = ON, ALLOW_PAGE_LOCKS = ON) ON [PRIMARY]
) ON [PRIMARY]
GO
/****** Object:  Table [dbo].[TECNICOS]    Script Date: 8/6/2020 20:42:23 ******/
SET ANSI_NULLS ON
GO
SET QUOTED_IDENTIFIER ON
GO
CREATE TABLE [dbo].[TECNICOS](
	[ID] [int] IDENTITY(1,1) NOT NULL,
	[USUARIO] [varchar](10) NOT NULL,
	[CONTRASEÑA] [nvarchar](10) NOT NULL,
	[IDPERFIL] [int] NOT NULL,
	[NOMBRE] [varchar](30) NOT NULL,
	[APELLIDO] [varchar](30) NOT NULL,
	[DNI] [varchar](10) NOT NULL,
	[SUELDO] [money] NULL,
	[ESTADO] [bit] NOT NULL,
PRIMARY KEY CLUSTERED 
(
	[ID] ASC
)WITH (PAD_INDEX = OFF, STATISTICS_NORECOMPUTE = OFF, IGNORE_DUP_KEY = OFF, ALLOW_ROW_LOCKS = ON, ALLOW_PAGE_LOCKS = ON) ON [PRIMARY]
) ON [PRIMARY]
GO
SET IDENTITY_INSERT [dbo].[CATEGORIAS_REPUESTOS] ON 
GO
INSERT [dbo].[CATEGORIAS_REPUESTOS] ([ID], [NOMBRE], [ESTADO]) VALUES (15, N'DISCOS SSD', 1)
GO
INSERT [dbo].[CATEGORIAS_REPUESTOS] ([ID], [NOMBRE], [ESTADO]) VALUES (16, N'PLACAS DE VIDEO', 1)
GO
INSERT [dbo].[CATEGORIAS_REPUESTOS] ([ID], [NOMBRE], [ESTADO]) VALUES (17, N'FUENTES', 1)
GO
INSERT [dbo].[CATEGORIAS_REPUESTOS] ([ID], [NOMBRE], [ESTADO]) VALUES (18, N'', 1)
GO
INSERT [dbo].[CATEGORIAS_REPUESTOS] ([ID], [NOMBRE], [ESTADO]) VALUES (19, N'', 1)
GO
SET IDENTITY_INSERT [dbo].[CATEGORIAS_REPUESTOS] OFF
GO
SET IDENTITY_INSERT [dbo].[CLIENTES] ON 
GO
INSERT [dbo].[CLIENTES] ([ID], [NOMBRE], [APELLIDO], [DNI], [DIRECCION], [LOCALIDAD], [TELEFONO], [MAIL], [ESTADO]) VALUES (7, N'Ignacio', N'Lacioppa', N'38788859', N'peron 1442', N'San Fernando', N'1559657969', N'nacho.lacioppa@gmail.com', 1)
GO
INSERT [dbo].[CLIENTES] ([ID], [NOMBRE], [APELLIDO], [DNI], [DIRECCION], [LOCALIDAD], [TELEFONO], [MAIL], [ESTADO]) VALUES (8, N'Daniela', N'Lopez', N'39456789', N'Garivaldi 2780', N'Virreyes', N'47458136', N'dani@hotmail.com', 1)
GO
INSERT [dbo].[CLIENTES] ([ID], [NOMBRE], [APELLIDO], [DNI], [DIRECCION], [LOCALIDAD], [TELEFONO], [MAIL], [ESTADO]) VALUES (9, N'Veronica', N'Perez', N'9876543', N'Av. Peron 1442', N'San Fernando', N'4255242', N'vero@gmail.com', 1)
GO
SET IDENTITY_INSERT [dbo].[CLIENTES] OFF
GO
SET IDENTITY_INSERT [dbo].[EQUIPOS] ON 
GO
INSERT [dbo].[EQUIPOS] ([ID], [NUMEROSERIE], [MARCA], [MODELO]) VALUES (23, N'1', N'clon', N'clon')
GO
INSERT [dbo].[EQUIPOS] ([ID], [NUMEROSERIE], [MARCA], [MODELO]) VALUES (24, N'SN4325', N'Lenovo', N'Thinkpad t420')
GO
INSERT [dbo].[EQUIPOS] ([ID], [NUMEROSERIE], [MARCA], [MODELO]) VALUES (25, N'MB000456', N'HP', N'Pavilion 4200')
GO
INSERT [dbo].[EQUIPOS] ([ID], [NUMEROSERIE], [MARCA], [MODELO]) VALUES (26, N'1234', N'hp', N'g230')
GO
INSERT [dbo].[EQUIPOS] ([ID], [NUMEROSERIE], [MARCA], [MODELO]) VALUES (27, N'8989898989', N'CLON', N'clon')
GO
INSERT [dbo].[EQUIPOS] ([ID], [NUMEROSERIE], [MARCA], [MODELO]) VALUES (28, N'2', N'clon', N'clon')
GO
SET IDENTITY_INSERT [dbo].[EQUIPOS] OFF
GO
SET IDENTITY_INSERT [dbo].[ESTADOS_REPARACION] ON 
GO
INSERT [dbo].[ESTADOS_REPARACION] ([ID], [NOMBRE]) VALUES (1, N'EN REPARACION')
GO
INSERT [dbo].[ESTADOS_REPARACION] ([ID], [NOMBRE]) VALUES (2, N'FINALIZADO')
GO
SET IDENTITY_INSERT [dbo].[ESTADOS_REPARACION] OFF
GO
SET IDENTITY_INSERT [dbo].[PERFILES_TECNICOS] ON 
GO
INSERT [dbo].[PERFILES_TECNICOS] ([ID], [NOMBRE], [ESTADO]) VALUES (1, N'ADMIN', 1)
GO
INSERT [dbo].[PERFILES_TECNICOS] ([ID], [NOMBRE], [ESTADO]) VALUES (2, N'TECNICO', 1)
GO
INSERT [dbo].[PERFILES_TECNICOS] ([ID], [NOMBRE], [ESTADO]) VALUES (3, N'CADETE', 1)
GO
SET IDENTITY_INSERT [dbo].[PERFILES_TECNICOS] OFF
GO
SET IDENTITY_INSERT [dbo].[REPARACIONES] ON 
GO
INSERT [dbo].[REPARACIONES] ([ID], [ORDEN], [IDCLIENTE], [IDEQUIPO], [IDTECNICO], [IDESTADO], [PROBLEMA], [FECHA_ENTRADA], [INFORME], [PRECIO], [FECHA_SALIDA]) VALUES (35, 1, 7, 23, 3, 2, N'anda lenta', CAST(N'2019-12-10T21:00:00' AS SmallDateTime), N'Se realizo un cambio de disco ssd + reinstalacion de windows 10', 4600.0000, CAST(N'2019-12-10T21:01:00' AS SmallDateTime))
GO
INSERT [dbo].[REPARACIONES] ([ID], [ORDEN], [IDCLIENTE], [IDEQUIPO], [IDTECNICO], [IDESTADO], [PROBLEMA], [FECHA_ENTRADA], [INFORME], [PRECIO], [FECHA_SALIDA]) VALUES (36, 2, 8, 23, 2, 2, N'Se apago de repente y no volvio a encender', CAST(N'2019-12-10T21:04:00' AS SmallDateTime), N'Se procedio a cambiar la placa de video y la fuente ya que ambas estaban quemadas', 9000.0000, CAST(N'2019-12-10T21:05:00' AS SmallDateTime))
GO
INSERT [dbo].[REPARACIONES] ([ID], [ORDEN], [IDCLIENTE], [IDEQUIPO], [IDTECNICO], [IDESTADO], [PROBLEMA], [FECHA_ENTRADA], [INFORME], [PRECIO], [FECHA_SALIDA]) VALUES (37, 3, 9, 24, 2, 2, N'Instalar Office', CAST(N'2019-12-11T15:12:00' AS SmallDateTime), N'Mantenimiento', 1500.0000, CAST(N'2019-12-11T15:14:00' AS SmallDateTime))
GO
INSERT [dbo].[REPARACIONES] ([ID], [ORDEN], [IDCLIENTE], [IDEQUIPO], [IDTECNICO], [IDESTADO], [PROBLEMA], [FECHA_ENTRADA], [INFORME], [PRECIO], [FECHA_SALIDA]) VALUES (39, 4, 9, 23, 6, 2, N'no pasa del bios', CAST(N'2019-12-11T21:52:00' AS SmallDateTime), N'Mantenimiento normal', 1500.0000, CAST(N'2019-12-11T21:58:00' AS SmallDateTime))
GO
INSERT [dbo].[REPARACIONES] ([ID], [ORDEN], [IDCLIENTE], [IDEQUIPO], [IDTECNICO], [IDESTADO], [PROBLEMA], [FECHA_ENTRADA], [INFORME], [PRECIO], [FECHA_SALIDA]) VALUES (40, 5, 7, 26, 1, 2, N'anda lento', CAST(N'2019-12-13T10:31:00' AS SmallDateTime), N'Problemas en el disco, se realizo una reinstalacion con backup', 4600.0000, CAST(N'2019-12-13T13:23:00' AS SmallDateTime))
GO
INSERT [dbo].[REPARACIONES] ([ID], [ORDEN], [IDCLIENTE], [IDEQUIPO], [IDTECNICO], [IDESTADO], [PROBLEMA], [FECHA_ENTRADA], [INFORME], [PRECIO], [FECHA_SALIDA]) VALUES (41, 6, 7, 28, 2, 2, N'savdsavdsa', CAST(N'2019-12-13T19:29:00' AS SmallDateTime), N'dhdh', 5600.0000, CAST(N'2019-12-13T19:38:00' AS SmallDateTime))
GO
INSERT [dbo].[REPARACIONES] ([ID], [ORDEN], [IDCLIENTE], [IDEQUIPO], [IDTECNICO], [IDESTADO], [PROBLEMA], [FECHA_ENTRADA], [INFORME], [PRECIO], [FECHA_SALIDA]) VALUES (42, 7, 9, 23, 1, 2, N'prueba', CAST(N'2019-12-18T00:56:00' AS SmallDateTime), N'prueba de cierre', 1300.0000, CAST(N'2019-12-18T19:10:00' AS SmallDateTime))
GO
SET IDENTITY_INSERT [dbo].[REPARACIONES] OFF
GO
SET IDENTITY_INSERT [dbo].[REPUESTOS] ON 
GO
INSERT [dbo].[REPUESTOS] ([ID], [CODIGO], [NOMBRE], [PRECIO], [IDCATEGORIA], [ESTADO]) VALUES (6, N'1', N'Fuente sentey 600w', 1200.0000, 17, 1)
GO
INSERT [dbo].[REPUESTOS] ([ID], [CODIGO], [NOMBRE], [PRECIO], [IDCATEGORIA], [ESTADO]) VALUES (7, N'2', N'DISCO CRUCIAL SSD 240GB', 3400.0000, 15, 1)
GO
INSERT [dbo].[REPUESTOS] ([ID], [CODIGO], [NOMBRE], [PRECIO], [IDCATEGORIA], [ESTADO]) VALUES (8, N'3', N'NVIDIA GEFORCE GTX750Ti', 6000.0000, 16, 1)
GO
INSERT [dbo].[REPUESTOS] ([ID], [CODIGO], [NOMBRE], [PRECIO], [IDCATEGORIA], [ESTADO]) VALUES (9, N'', N'fqfw', 31.0000, 15, 1)
GO
SET IDENTITY_INSERT [dbo].[REPUESTOS] OFF
GO
SET IDENTITY_INSERT [dbo].[REPUESTOS_POR_REPARACIONES] ON 
GO
INSERT [dbo].[REPUESTOS_POR_REPARACIONES] ([ID], [IDREPARACIONES], [IDREPUESTO]) VALUES (25, 35, 7)
GO
INSERT [dbo].[REPUESTOS_POR_REPARACIONES] ([ID], [IDREPARACIONES], [IDREPUESTO]) VALUES (26, 36, 6)
GO
INSERT [dbo].[REPUESTOS_POR_REPARACIONES] ([ID], [IDREPARACIONES], [IDREPUESTO]) VALUES (27, 36, 8)
GO
INSERT [dbo].[REPUESTOS_POR_REPARACIONES] ([ID], [IDREPARACIONES], [IDREPUESTO]) VALUES (28, 40, 7)
GO
INSERT [dbo].[REPUESTOS_POR_REPARACIONES] ([ID], [IDREPARACIONES], [IDREPUESTO]) VALUES (29, 41, 6)
GO
INSERT [dbo].[REPUESTOS_POR_REPARACIONES] ([ID], [IDREPARACIONES], [IDREPUESTO]) VALUES (30, 41, 7)
GO
SET IDENTITY_INSERT [dbo].[REPUESTOS_POR_REPARACIONES] OFF
GO
SET IDENTITY_INSERT [dbo].[TECNICOS] ON 
GO
INSERT [dbo].[TECNICOS] ([ID], [USUARIO], [CONTRASEÑA], [IDPERFIL], [NOMBRE], [APELLIDO], [DNI], [SUELDO], [ESTADO]) VALUES (1, N'ADMIN', N'ADMIN', 1, N'ADMINISTRADOR', N'ADMINISTRADOR', N'111', 100000.0000, 1)
GO
INSERT [dbo].[TECNICOS] ([ID], [USUARIO], [CONTRASEÑA], [IDPERFIL], [NOMBRE], [APELLIDO], [DNI], [SUELDO], [ESTADO]) VALUES (2, N'NACHO', N'123', 2, N'IGNACIO', N'LACIOPPA', N'38788859', 15000.0000, 1)
GO
INSERT [dbo].[TECNICOS] ([ID], [USUARIO], [CONTRASEÑA], [IDPERFIL], [NOMBRE], [APELLIDO], [DNI], [SUELDO], [ESTADO]) VALUES (3, N'maxi123', N'123', 2, N'Maximiliano', N'Fernandez', N'39456789', 20000.0000, 1)
GO
INSERT [dbo].[TECNICOS] ([ID], [USUARIO], [CONTRASEÑA], [IDPERFIL], [NOMBRE], [APELLIDO], [DNI], [SUELDO], [ESTADO]) VALUES (5, N'DLopez', N'1234', 2, N'Daniela', N'Lopez', N'123654', 13000.0000, 1)
GO
INSERT [dbo].[TECNICOS] ([ID], [USUARIO], [CONTRASEÑA], [IDPERFIL], [NOMBRE], [APELLIDO], [DNI], [SUELDO], [ESTADO]) VALUES (6, N'JPerez', N'123', 3, N'Juan', N'Perez', N'40789654', 8500.0000, 1)
GO
SET IDENTITY_INSERT [dbo].[TECNICOS] OFF
GO
ALTER TABLE [dbo].[REPARACIONES]  WITH CHECK ADD FOREIGN KEY([IDCLIENTE])
REFERENCES [dbo].[CLIENTES] ([ID])
GO
ALTER TABLE [dbo].[REPARACIONES]  WITH CHECK ADD FOREIGN KEY([IDEQUIPO])
REFERENCES [dbo].[EQUIPOS] ([ID])
GO
ALTER TABLE [dbo].[REPARACIONES]  WITH CHECK ADD FOREIGN KEY([IDESTADO])
REFERENCES [dbo].[ESTADOS_REPARACION] ([ID])
GO
ALTER TABLE [dbo].[REPARACIONES]  WITH CHECK ADD FOREIGN KEY([IDTECNICO])
REFERENCES [dbo].[TECNICOS] ([ID])
GO
ALTER TABLE [dbo].[REPUESTOS]  WITH CHECK ADD FOREIGN KEY([IDCATEGORIA])
REFERENCES [dbo].[CATEGORIAS_REPUESTOS] ([ID])
GO
ALTER TABLE [dbo].[REPUESTOS_POR_REPARACIONES]  WITH CHECK ADD FOREIGN KEY([IDREPARACIONES])
REFERENCES [dbo].[REPARACIONES] ([ID])
GO
ALTER TABLE [dbo].[REPUESTOS_POR_REPARACIONES]  WITH CHECK ADD FOREIGN KEY([IDREPUESTO])
REFERENCES [dbo].[REPUESTOS] ([ID])
GO
ALTER TABLE [dbo].[TECNICOS]  WITH CHECK ADD FOREIGN KEY([IDPERFIL])
REFERENCES [dbo].[PERFILES_TECNICOS] ([ID])
GO
ALTER TABLE [dbo].[REPUESTOS]  WITH CHECK ADD CHECK  (([PRECIO]>(0)))
GO
USE [master]
GO
ALTER DATABASE [LACIOPPA_DB] SET  READ_WRITE 
GO
